Scenario ID,Service ID,Actor ID
C1,S21,Prefect
C1,S2,Prefect
C1,S1,Prefect
C1,S5,DDT 41
C1,S6,DDT 41
C1,S7,SDIS 41
C1,S9,Mayor
C1,S12,Mayor
C1,S13,CUMP Blois
C1,S15,DREAL
C1,S16,ARS
C1,S17,AGGLOPPOLYS
C1,S19,ARS
C2,S2,Prefect
C2,S3,Mayor
C2,S5,DDT 41
C2,S6,DDT 41
C2,S7,SDIS 41
C2,S8,Prefect
C2,S12,Mayor
C2,S13,CUMP Blois
C2,S14,Ville Blois
C2,S16,ARS
C2,S18,ARS
C2,S19,ARS
C2,S21,Prefect
C3,S2,Prefect
C3,S1,Prefect
C3,S5,DDT 41
C3,S6,DDT 41
C3,S7,SDIS 41
C3,S4,Prefect
C3,S13,CUMP Blois
C3,S15,DREAL
C3,S16,ARS
C3,S17,AGGLOPPOLYS
C3,S19,ARS
C3,S21,Prefect
C4,S2,Prefect
C4,S3,Mayor
C4,S5,DDT 41
C4,S6,DDT 41
C4,S7,SDIS 41
C4,S11,Prefect
C4,S13,CUMP Blois
C4,S14,Ville Blois
C4,S16,ARS
C4,S18,ARS
C4,S19,ARS
C4,S21,Prefect
C5,S21,Prefect
C5,S2,Prefect
C5,S3,Mayor
C5,S5,DDT 41
C5,S6,DDT 41
C5,S7,SDIS 41
C5,S10,SAMU 41
C5,S13,CUMP Blois
C5,S15,DREAL
C5,S16,ARS
C5,S18,ARS
C5,S19,ARS
